{
    "definition": {
        "$schema": "https://schema.management.azure.com/providers/Microsoft.Logic/schemas/2016-06-01/workflowdefinition.json#",
        "actions": {
            "Main_Activity": {
                "type": "Scope",
                "actions": {
                    "Activity_Close_Response": {
                        "type": "ApiConnection",
                        "inputs": {
                            "host": {
                                "connection": {
                                    "referenceName": "case-activity-response-sb-connection"
                                }
                            },
                            "method": "delete",
                            "path": "/@{encodeURIComponent(encodeURIComponent('case-activity-response'))}/subscriptions/@{encodeURIComponent('case-workflow-subscription')}/sessions/@{encodeURIComponent(variables('Correlation_Id'))}/close"
                        },
                        "runAfter": {
                            "Activity_Complete_Response": [
                                "Succeeded"
                            ]
                        }
                    },
                    "Activity_Complete_Response": {
                        "type": "ApiConnection",
                        "inputs": {
                            "host": {
                                "connection": {
                                    "referenceName": "case-activity-response-sb-connection"
                                }
                            },
                            "method": "delete",
                            "path": "/@{encodeURIComponent(encodeURIComponent('case-activity-response'))}/subscriptions/@{encodeURIComponent('case-workflow-subscription')}/messages/complete",
                            "queries": {
                                "lockToken": "@body('Activity_Wait_Response')?['LockToken']",
                                "subscriptionType": "Main",
                                "sessionId": "@{variables('Correlation_Id')}"
                            }
                        },
                        "runAfter": {
                            "Activity_Parse_Response": [
                                "Succeeded"
                            ]
                        }
                    },
                    "Activity_Parse_Response": {
                        "type": "ParseJson",
                        "inputs": {
                            "content": "@json(base64ToString(body('Activity_Wait_Response')?['ContentData']))",
                            "schema": {
                                "properties": {
                                    "homeCity": {
                                        "type": "string"
                                    },
                                    "homeStateProvince": {
                                        "type": "string"
                                    },
                                    "homeCountry": {
                                        "type": "string"
                                    },
                                    "destinationCity": {
                                        "type": "string"
                                    },
                                    "destinationStateProvince": {
                                        "type": "string"
                                    },
                                    "destinationCountry": {
                                        "type": "string"
                                    },
                                    "travelPathwayStartDate": {
                                        "type": "string"
                                    },
                                    "travelPathwayEndDate": {
                                        "type": "string"
                                    },
                                    "firstName": {
                                        "type": "string"
                                    },
                                    "middleName": {
                                        "type": "string"
                                    },
                                    "lastName": {
                                        "type": "string"
                                    },
                                    "gender": {
                                        "type": "string"
                                    },
                                    "maritalStatus": {
                                        "type": "string"
                                    },
                                    "dateOfBirth": {
                                        "type": "string"
                                    },
                                    "countryOfResidence": {
                                        "type": "string"
                                    },
                                    "birthCity": {
                                        "type": "string"
                                    },
                                    "birthStateProvince": {
                                        "type": "string"
                                    },
                                    "birthCountry": {
                                        "type": "string"
                                    },
                                    "citizenshipCountries": {
                                        "type": "string"
                                    },
                                    "initiationCity": {
                                        "type": "string"
                                    },
                                    "initiationState": {
                                        "type": "string"
                                    },
                                    "initiationCountry": {
                                        "type": "string"
                                    },
                                    "email": {
                                        "type": "string"
                                    },
                                    "phoneCountryCode": {
                                        "type": "string"
                                    },
                                    "phone": {
                                        "type": "string"
                                    },
                                    "employmentCompanyName": {
                                        "type": "string"
                                    },
                                    "employmentCity": {
                                        "type": "string"
                                    },
                                    "employmentStateProvince": {
                                        "type": "string"
                                    },
                                    "employmentCountry": {
                                        "type": "string"
                                    },
                                    "employmentStartDate": {
                                        "type": "string"
                                    },
                                    "employmentJobTitle": {
                                        "type": "string"
                                    },
                                    "employmentJobGrade": {
                                        "type": "string"
                                    },
                                    "employmentProfession": {
                                        "type": "string"
                                    },
                                    "employmentDivision": {
                                        "type": "string"
                                    },
                                    "businessUnit": {
                                        "type": "string"
                                    },
                                    "compensationAmount": {
                                        "type": "number"
                                    },
                                    "compensationCurrencyCode": {
                                        "type": "string"
                                    },
                                    "compensationFrequency": {
                                        "type": "string"
                                    },
                                    "compensationGross": {
                                        "type": "string"
                                    },
                                    "numberOfDependents": {
                                        "type": "integer"
                                    },
                                    "relationships": {
                                        "type": "string"
                                    },
                                    "documentCountries": {
                                        "type": "string"
                                    }
                                }
                            }
                        },
                        "runAfter": {
                            "Activity_Wait_Response": [
                                "Succeeded"
                            ]
                        }
                    },
                    "Activity_Start": {
                        "type": "ServiceProvider",
                        "inputs": {
                            "parameters": {
                                "entityName": "case-activity-request",
                                "message": {
                                    "contentData": {
                                        "ActivityEventType": "GetFactPatterns",
                                        "CaseInstanceGuid": "@triggerBody()['CaseInstanceGuid']",
                                        "ClientGuid": "@triggerBody()['ClientGuid']",
                                        "CorrelationId": "@variables('Correlation_Id')"
                                    },
                                    "contentType": "application/json"
                                }
                            },
                            "serviceProviderConfiguration": {
                                "connectionName": "case-activity-request-sb-connection-string",
                                "operationId": "sendMessage",
                                "serviceProviderId": "/serviceProviders/serviceBus"
                            }
                        },
                        "runAfter": {}
                    },
                    "Activity_Wait_Response": {
                        "type": "ApiConnection",
                        "inputs": {
                            "host": {
                                "connection": {
                                    "referenceName": "case-activity-response-sb-connection"
                                }
                            },
                            "method": "get",
                            "path": "/@{encodeURIComponent(encodeURIComponent('case-activity-response'))}/subscriptions/@{encodeURIComponent('case-workflow-subscription')}/messages/head/peek",
                            "queries": {
                                "subscriptionType": "Main",
                                "sessionId": "@{variables('Correlation_Id')}"
                            }
                        },
                        "runAfter": {
                            "Activity_Start": [
                                "Succeeded"
                            ]
                        }
                    }
                },
                "runAfter": {
                    "Set_Activity_Correlation_Id": [
                        "Succeeded"
                    ]
                }
            },
            "Return_Failed_Response": {
                "type": "Response",
                "kind": "http",
                "inputs": {
                    "statusCode": 500
                },
                "runAfter": {
                    "Main_Activity": [
                        "TIMEDOUT",
                        "SKIPPED",
                        "FAILED"
                    ]
                }
            },
            "Return_Success_Response": {
                "type": "Response",
                "kind": "http",
                "inputs": {
                    "statusCode": 200,
                    "body": "@body('Activity_Parse_Response')"
                },
                "runAfter": {
                    "Main_Activity": [
                        "Succeeded"
                    ]
                }
            },
            "Set_Activity_Correlation_Id": {
                "type": "InitializeVariable",
                "inputs": {
                    "variables": [
                        {
                            "name": "Correlation_Id",
                            "type": "string",
                            "value": "@{guid()}"
                        }
                    ]
                },
                "runAfter": {}
            }
        },
        "triggers": {
            "manual": {
                "type": "Request",
                "kind": "Http",
                "inputs": {
                    "schema": {
                        "properties": {
                            "CaseInstanceGuid": {
                                "type": "string"
                            },
                            "ClientGuid": {
                                "type": "string"
                            }
                        },
                        "required": [
                            "ClientGuid",
                            "CaseInstanceGuid"
                        ],
                        "type": "object"
                    }
                }
            }
        },
        "contentVersion": "1.0.0.0",
        "outputs": {}
    },
    "kind": "Stateful"
}