{
  "definition": {
    "$schema": "https://schema.management.azure.com/providers/Microsoft.Logic/schemas/2016-06-01/workflowdefinition.json#",
    "actions": {
      "Initiation": {
        "type": "Scope",
        "actions": {
          "100_-_Confirm_Email_Received": {
            "type": "Workflow",
            "inputs": {
              "host": {
                "workflow": {
                  "id": "Instructions-Activity-Step"
                }
              },
              "body": {
                "StepId": 100,
                "CaseInstanceGuid": "@triggerBody()?['CaseInstanceGuid']",
                "ClientGuid": "@triggerBody()?['ClientGuid']"
              }
            },
            "runAfter": {}
          }
        },
        "runAfter": {}
      },
      "Assessment": {
        "type": "Scope",
        "actions": {
          "201_-_Review_VISA_Application_Documents": {
            "type": "Workflow",
            "inputs": {
              "host": {
                "workflow": {
                  "id": "Instructions-Activity-Step"
                }
              },
              "body": {
                "StepId": 201,
                "CaseInstanceGuid": "@triggerBody()?['CaseInstanceGuid']",
                "ClientGuid": "@triggerBody()?['ClientGuid']"
              }
            },
            "runAfter": {
              "200_-_Upload_Subject_Documents_for_VISA_Application": [
                "Succeeded"
              ]
            }
          },
          "200_-_Upload_Subject_Documents_for_VISA_Application": {
            "type": "Workflow",
            "inputs": {
              "host": {
                "workflow": {
                  "id": "Instructions-Activity-Step"
                }
              },
              "body": {
                "StepId": 200,
                "CaseInstanceGuid": "@triggerBody()?['CaseInstanceGuid']",
                "ClientGuid": "@triggerBody()?['ClientGuid']"
              }
            },
            "runAfter": {}
          },
          "202_-_Select_VISA_Application_Questionnaire": {
            "type": "Workflow",
            "inputs": {
              "host": {
                "workflow": {
                  "id": "Instructions-Activity-Step"
                }
              },
              "body": {
                "StepId": 202,
                "CaseInstanceGuid": "@triggerBody()?['CaseInstanceGuid']",
                "ClientGuid": "@triggerBody()?['ClientGuid']"
              }
            },
            "runAfter": {
              "200_-_Upload_Subject_Documents_for_VISA_Application": [
                "Succeeded"
              ]
            }
          },
          "203_-_Send_Email_to_Subject": {
            "type": "Workflow",
            "inputs": {
              "host": {
                "workflow": {
                  "id": "SendCommunication-Activity-Step"
                }
              },
              "body": {
                "StepId": 203,
                "CaseInstanceGuid": "@triggerBody()?['CaseInstanceGuid']",
                "ClientGuid": "@triggerBody()?['ClientGuid']"
              }
            },
            "runAfter": {
              "202_-_Select_VISA_Application_Questionnaire": [
                "Succeeded"
              ],
              "201_-_Review_VISA_Application_Documents": [
                "Succeeded"
              ]
            }
          }
        },
        "runAfter": {
          "Initiation": [
            "Succeeded"
          ]
        }
      },
      "Filing": {
        "type": "Scope",
        "actions": {
          "301_-_Capture_Application_Filing_Receipt_Number_and_Date": {
            "type": "Workflow",
            "inputs": {
              "host": {
                "workflow": {
                  "id": "Instructions-Activity-Step"
                }
              },
              "body": {
                "StepId": 301,
                "CaseInstanceGuid": "@triggerBody()?['CaseInstanceGuid']",
                "ClientGuid": "@triggerBody()?['ClientGuid']"
              }
            },
            "runAfter": {
              "300_-Publish_to_Partner_System": [
                "Succeeded"
              ]
            }
          },
          "300_-Publish_to_Partner_System": {
            "type": "Workflow",
            "inputs": {
              "host": {
                "workflow": {
                  "id": "Instructions-Activity-Step"
                }
              },
              "body": {
                "StepId": 300,
                "CaseInstanceGuid": "@triggerBody()?['CaseInstanceGuid']",
                "ClientGuid": "@triggerBody()?['ClientGuid']"
              }
            },
            "runAfter": {}
          }
        },
        "runAfter": {
          "Assessment": [
            "Succeeded"
          ]
        }
      },
      "Decision": {
        "type": "Scope",
        "actions": {
          "400_-_Request_Subject's_Approval": {
            "type": "Workflow",
            "inputs": {
              "host": {
                "workflow": {
                  "id": "Instructions-Activity-Step"
                }
              },
              "body": {
                "StepId": 400,
                "CaseInstanceGuid": "@triggerBody()?['CaseInstanceGuid']",
                "ClientGuid": "@triggerBody()?['ClientGuid']"
              }
            },
            "runAfter": {}
          },
          "Parse_JSON": {
            "type": "ParseJson",
            "inputs": {
              "content": "@body('400_-_Request_Subject''s_Approval')",
              "schema": {
                "properties": {
                  "action": {
                    "type": "string"
                  },
                  "data": {
                    "type": [
                      "array",
                      "null"
                    ]
                  }
                },
                "type": "object"
              }
            },
            "runAfter": {
              "400_-_Request_Subject's_Approval": [
                "Succeeded"
              ]
            }
          },
          "If_Decision_is_Approved": {
            "type": "If",
            "expression": {
              "and": [
                {
                  "equals": [
                    "@body('Parse_JSON')?['action']",
                    "approve"
                  ]
                }
              ]
            },
            "actions": {},
            "runAfter": {
              "Parse_JSON": [
                "Succeeded"
              ]
            }
          }
        },
        "runAfter": {
          "Filing": [
            "Succeeded"
          ]
        }
      }
    },
    "triggers": {
      "manual": {
        "type": "Request",
        "kind": "Http",
        "inputs": {
          "schema": {
            "type": "object",
            "properties": {
              "ClientGuid": {
                "type": "string"
              },
              "CaseInstanceGuid": {
                "type": "string"
              }
            }
          }
        }
      }
    },
    "contentVersion": "1.0.0.0",
    "outputs": {}
  },
  "kind": "Stateful"
}