{
    "managedApiConnections": {
        "case-activity-response-sb-connection": {
            "api": {
                "id": "/subscriptions/@appsetting('case-activity-response-sb-connection-subscription')/providers/Microsoft.Web/locations/@appsetting('location')/managedApis/servicebus"
            },
            "authentication": {
                "type": "ManagedServiceIdentity"
            },
            "connection": {
                "id": "/subscriptions/@appsetting('case-activity-response-sb-connection-subscription')/resourceGroups/@appsetting('case-activity-response-sb-connection-resourcegroup')/providers/Microsoft.Web/connections/case-management-servicebus"
            },
            "connectionRuntimeUrl": "@appsetting('case-activity-response-sb-connection-runtimeUrl')"
        }
    },
    "serviceProviderConnections": {
        "case-activity-request-sb-connection-string": {
            "displayName": "case-activity-request-sb-connection-string",
            "parameterValues": {
                "connectionString": "@appsetting('case-activity-sb-connection-string')"
            },
            "serviceProvider": {
                "id": "/serviceProviders/serviceBus"
            }
        }
    }
}