{
  "IsEncrypted": false,
  "Values": {
    "WEBSITE_SLOT_NAME": "Production",
    "AzureFunctionsJobHost__extensionBundle__id": "Microsoft.Azure.Functions.ExtensionBundle.Workflows",
    "FUNCTIONS_EXTENSION_VERSION": "~3",
    "WEBSITE_AUTH_ENABLED": "False",
    "case-activity-response-sb-connection-runtimeUrl": "https://234b0467e7b2e86b.02.common.logic-centralus.azure-apihub.net/apim/servicebus/bbf5422b4c0b46028961238d55e58249",
    "azure-rm-tenant-id": "5b973f99-77df-4beb-b27d-aa0c70b8482c",
    "AzureFunctionsJobHost__extensionBundle__version": "[1.*, 2.0.0)",
    "REMOTEDEBUGGINGVERSION": "16.0.30709.132",
    "case-activity-response-polling-freq-in-sec": "120",
    "logic-app-name": "USCDMTXD01LAP04",
    "APPINSIGHTS_INSTRUMENTATIONKEY": "23620fe6-9c07-47d1-b089-97c1b46f9b43",
    "location": "centralus",
    "APPLICATIONINSIGHTS_CONNECTION_STRING": "InstrumentationKey=23620fe6-9c07-47d1-b089-97c1b46f9b43;IngestionEndpoint=https://centralus-0.in.applicationinsights.azure.com/",
    "FUNCTIONS_RUNTIME_SCALE_MONITORING_ENABLED": "0",
    "case-activity-sb-connection-string": "Endpoint=sb://uscdmp2mp2bus01.servicebus.windows.net/;SharedAccessKeyName=RootManageSharedAccessKey;SharedAccessKey=gU5Jyl0lEwgF51dZoAPogIIDT5oLKbQXERJcviwqnUs=",
    "SCM_DO_BUILD_DURING_DEPLOYMENT": "false",
    "WEBSITE_NODE_DEFAULT_VERSION": "12.21.0",
    "WEBSITE_CONTENTAZUREFILECONNECTIONSTRING": "DefaultEndpointsProtocol=https;AccountName=uscdmp2mp2sta01;AccountKey=2FoVfzVAhY7lv8e9RlhFB7q8F3BUJhSbvbrTEmhl87MnGBd3HktcYd9ohFbSUTExuMIboiuZq68wviyu/f9vKw==;EndpointSuffix=core.windows.net",
    "ScmType": "None",
    "WEBSITE_CONTENTSHARE": "uscdmtxd01lap04a5fb",
    "WEBSITE_AUTH_AUTO_AAD": "False",
    "azure-rm-client-secret": "Oio18r@f17dv7#WZ13YRJs11VGH1612ay19",
    "AzureWebJobsStorage": "DefaultEndpointsProtocol=https;AccountName=uscdmp2mp2sta01;AccountKey=2FoVfzVAhY7lv8e9RlhFB7q8F3BUJhSbvbrTEmhl87MnGBd3HktcYd9ohFbSUTExuMIboiuZq68wviyu/f9vKw==;EndpointSuffix=core.windows.net",
    "case-activity-response-sb-connection-subscription": "2dbae6c9-08c9-4f7d-a794-7b3c1d343398",
    "FUNCTIONS_WORKER_RUNTIME": "node",
    "WEBSITE_SITE_NAME": "USCDMTXD01LAP04",
    "azure-rm-cliend-id": "2ba2b517-a60d-4eb0-a819-2b2dbbbe540b",
    "WEBSITE_AUTH_LOGOUT_PATH": "/.auth/logout",
    "case-activity-response-sb-connection-resourcegroup": "USCDMTXD01RSG01",
    "APP_KIND": "workflowApp",
    "azure-auth-url": "https://login.microsoftonline.com"
  }
}