{
    "azure-auth-url": {
        "type": "String",
        "value": "@appsetting('azure-auth-url')"
    },
    "azure-rm-cliend-id": {
        "type": "String",
        "value": "@appsetting('azure-rm-cliend-id')"
    },
    "azure-rm-client-secret": {
        "type": "String",
        "value": "@appsetting('azure-rm-client-secret')"
    },
    "azure-rm-tenant-id": {
        "type": "String",
        "value": "@appsetting('azure-rm-tenant-id')"
    },
    "logic-app-name": {
        "type": "String",
        "value": "@appsetting('logic-app-name')"
    },
    "resourcegroup": {
        "type": "String",
        "value": "@appsetting('case-activity-response-sb-connection-resourcegroup')"
    },
    "responsePollingFreqInSec": {
        "type": "String",
        "value": "@appsetting('case-activity-response-polling-freq-in-sec')"
    },
    "subscription": {
        "type": "String",
        "value": "@appsetting('case-activity-response-sb-connection-subscription')"
    }
}