{
    "definition": {
        "$schema": "https://schema.management.azure.com/providers/Microsoft.Logic/schemas/2016-06-01/workflowdefinition.json#",
        "actions": {
            "Ensure_Polling_Frequency_Minimum": {
                "actions": {
                    "If_Polling_Frequency_Less_Than_Minimum": {
                        "actions": {
                            "Set_Polling_Frequency_Minimum": {
                                "inputs": {
                                    "name": "getResponsePollingFreqInSec",
                                    "value": 120
                                },
                                "runAfter": {},
                                "type": "SetVariable"
                            }
                        },
                        "expression": {
                            "and": [
                                {
                                    "less": [
                                        "@variables('getResponsePollingFreqInSec')",
                                        120
                                    ]
                                }
                            ]
                        },
                        "runAfter": {},
                        "type": "If"
                    }
                },
                "runAfter": {
                    "Set_Default_Polling_Frequency_to_300_sec": [
                        "Succeeded",
                        "TIMEDOUT",
                        "FAILED",
                        "SKIPPED"
                    ]
                },
                "type": "Scope"
            },
            "Initialize_Correlation_Id": {
                "inputs": {
                    "variables": [
                        {
                            "name": "Correlation_Id",
                            "type": "string",
                            "value": "@{guid()}"
                        }
                    ]
                },
                "runAfter": {},
                "type": "InitializeVariable"
            },
            "Initialize_Current_Workflow_Metadata": {
                "inputs": {
                    "variables": [
                        {
                            "name": "currentWorkflow",
                            "type": "object",
                            "value": "@workflow().run"
                        }
                    ]
                },
                "runAfter": {
                    "Initialize_Response_Activity_Instance_Guid": [
                        "Succeeded"
                    ]
                },
                "type": "InitializeVariable"
            },
            "Initialize_Received_Response_to_False": {
                "inputs": {
                    "variables": [
                        {
                            "name": "ReceivedResponse",
                            "type": "boolean",
                            "value": false
                        }
                    ]
                },
                "runAfter": {
                    "Ensure_Polling_Frequency_Minimum": [
                        "Succeeded"
                    ]
                },
                "type": "InitializeVariable"
            },
            "Initialize_Response_Action": {
                "inputs": {
                    "variables": [
                        {
                            "name": "ResponseAction",
                            "type": "string",
                            "value": "\"\""
                        }
                    ]
                },
                "runAfter": {
                    "Initialize_Response_Error_to_False": [
                        "Succeeded"
                    ]
                },
                "type": "InitializeVariable"
            },
            "Initialize_Response_Activity_Instance_Guid": {
                "inputs": {
                    "variables": [
                        {
                            "name": "ResponseActivityInstanceGuid",
                            "type": "string",
                            "value": "\"\""
                        }
                    ]
                },
                "runAfter": {
                    "Initialize_Response_Lock_Token": [
                        "Succeeded"
                    ]
                },
                "type": "InitializeVariable"
            },
            "Initialize_Response_Error_to_False": {
                "inputs": {
                    "variables": [
                        {
                            "name": "GetResponseError",
                            "type": "boolean",
                            "value": false
                        }
                    ]
                },
                "runAfter": {
                    "Initialize_Received_Response_to_False": [
                        "Succeeded"
                    ]
                },
                "type": "InitializeVariable"
            },
            "Initialize_Response_Lock_Token": {
                "inputs": {
                    "variables": [
                        {
                            "name": "ResponseLockToken",
                            "type": "string",
                            "value": "\"\""
                        }
                    ]
                },
                "runAfter": {
                    "Initialize_Response_Action": [
                        "Succeeded"
                    ]
                },
                "type": "InitializeVariable"
            },
            "Initialize_Response_Polling_Frequency_In_Sec": {
                "inputs": {
                    "variables": [
                        {
                            "name": "getResponsePollingFreqInSec",
                            "type": "integer",
                            "value": "@int(parameters('responsePollingFreqInSec'))"
                        }
                    ]
                },
                "runAfter": {
                    "Initialize_Correlation_Id": [
                        "Succeeded"
                    ]
                },
                "type": "InitializeVariable"
            },
            "Main_Activity": {
                "actions": {
                    "Activity_End": {
                        "inputs": {
                            "parameters": {
                                "entityName": "case-activity-request",
                                "message": {
                                    "contentData": {
                                        "ActivityEventType": "@{if(equals(variables('ReceivedResponse'), false), 'FailCaseActivity', 'CompleteCaseActivity')}",
                                        "ActivityInstanceGuid": "@variables('ResponseActivityInstanceGuid')",
                                        "CaseInstanceGuid": "@triggerBody()['CaseInstanceGuid']",
                                        "ClientGuid": "@triggerBody()['ClientGuid']",
                                        "CorrelationId": "@variables('Correlation_Id')",
                                        "StepId": "@triggerBody()['StepId']"
                                    },
                                    "contentType": "application/json"
                                }
                            },
                            "serviceProviderConfiguration": {
                                "connectionName": "case-activity-request-sb-connection-string",
                                "operationId": "sendMessage",
                                "serviceProviderId": "/serviceProviders/serviceBus"
                            }
                        },
                        "runAfter": {
                            "Close_Session": [
                                "Succeeded",
                                "TIMEDOUT",
                                "FAILED",
                                "SKIPPED"
                            ]
                        },
                        "type": "ServiceProvider"
                    },
                    "Activity_Start": {
                        "inputs": {
                            "parameters": {
                                "entityName": "case-activity-request",
                                "message": {
                                    "contentData": {
                                        "ActivityEventType": "StartCaseActivity",
                                        "CaseInstanceGuid": "@triggerBody()['CaseInstanceGuid']",
                                        "ClientGuid": "@triggerBody()['ClientGuid']",
                                        "CorrelationId": "@variables('Correlation_Id')",
                                        "Data": [
                                            {
                                                "Key": "logicAppWorkflowInstanceId",
                                                "Value": "@variables('currentWorkflow')?['name']"
                                            }
                                        ],
                                        "StepId": "@triggerBody()['StepId']"
                                    },
                                    "contentType": "application/json"
                                }
                            },
                            "serviceProviderConfiguration": {
                                "connectionName": "case-activity-request-sb-connection-string",
                                "operationId": "sendMessage",
                                "serviceProviderId": "/serviceProviders/serviceBus"
                            }
                        },
                        "runAfter": {},
                        "type": "ServiceProvider"
                    },
                    "Close_Session": {
                        "inputs": {
                            "host": {
                                "connection": {
                                    "referenceName": "case-activity-response-sb-connection"
                                }
                            },
                            "method": "delete",
                            "path": "/@{encodeURIComponent(encodeURIComponent('case-activity-response'))}/subscriptions/@{encodeURIComponent('case-workflow-subscription')}/sessions/@{encodeURIComponent(variables('Correlation_Id'))}/close"
                        },
                        "runAfter": {
                            "Complete_Response_Block": [
                                "Succeeded",
                                "TIMEDOUT",
                                "SKIPPED",
                                "FAILED"
                            ]
                        },
                        "type": "ApiConnection"
                    },
                    "Complete_Response_Block": {
                        "actions": {
                            "If_Valid_Response_Token": {
                                "actions": {
                                    "Complete_Response": {
                                        "inputs": {
                                            "host": {
                                                "connection": {
                                                    "referenceName": "case-activity-response-sb-connection"
                                                }
                                            },
                                            "method": "delete",
                                            "path": "/@{encodeURIComponent(encodeURIComponent('case-activity-response'))}/subscriptions/@{encodeURIComponent('case-workflow-subscription')}/messages/complete",
                                            "queries": {
                                                "lockToken": "@variables('ResponseLockToken')",
                                                "sessionId": "@{variables('Correlation_Id')}",
                                                "subscriptionType": "Main"
                                            }
                                        },
                                        "runAfter": {},
                                        "type": "ApiConnection"
                                    }
                                },
                                "expression": {
                                    "and": [
                                        {
                                            "equals": [
                                                "@variables('ReceivedResponse')",
                                                "@true"
                                            ]
                                        }
                                    ]
                                },
                                "runAfter": {},
                                "type": "If"
                            }
                        },
                        "runAfter": {
                            "Wait_for_Response_90_Days_Block_4": [
                                "Succeeded",
                                "TIMEDOUT",
                                "SKIPPED",
                                "FAILED"
                            ]
                        },
                        "type": "Scope"
                    },
                    "Wait_for_Response_90_Days_Block_1": {
                        "actions": {
                            "Until_valid_Response_is_Received": {
                                "actions": {
                                    "If_Response_has_no_Error": {
                                        "actions": {
                                            "If_no_Parsing_Error": {
                                                "actions": {
                                                    "Assign_Activity_Instance_Guid": {
                                                        "inputs": {
                                                            "name": "ResponseActivityInstanceGuid",
                                                            "value": "@body('Parse_JSON_Response')?['activityInstanceGuid']"
                                                        },
                                                        "runAfter": {
                                                            "Assign_Response_Lock_Token": [
                                                                "Succeeded"
                                                            ]
                                                        },
                                                        "type": "SetVariable"
                                                    },
                                                    "Assign_Response_Action": {
                                                        "inputs": {
                                                            "name": "ResponseAction",
                                                            "value": "@body('Parse_JSON_Response')?['action']"
                                                        },
                                                        "runAfter": {},
                                                        "type": "SetVariable"
                                                    },
                                                    "Assign_Response_Lock_Token": {
                                                        "inputs": {
                                                            "name": "ResponseLockToken",
                                                            "value": "@body('Parse_JSON_Response')?['responseLockToken']"
                                                        },
                                                        "runAfter": {
                                                            "Assign_Response_Action": [
                                                                "Succeeded"
                                                            ]
                                                        },
                                                        "type": "SetVariable"
                                                    },
                                                    "Received_Response_is_VALID": {
                                                        "inputs": {
                                                            "name": "ReceivedResponse",
                                                            "value": true
                                                        },
                                                        "runAfter": {
                                                            "Assign_Activity_Instance_Guid": [
                                                                "Succeeded"
                                                            ]
                                                        },
                                                        "type": "SetVariable"
                                                    }
                                                },
                                                "expression": {
                                                    "and": [
                                                        {
                                                            "not": {
                                                                "equals": [
                                                                    "@variables('GetResponseError')",
                                                                    true
                                                                ]
                                                            }
                                                        }
                                                    ]
                                                },
                                                "runAfter": {
                                                    "Invalid_Response": [
                                                        "Succeeded",
                                                        "TIMEDOUT",
                                                        "SKIPPED",
                                                        "FAILED"
                                                    ]
                                                },
                                                "type": "If"
                                            },
                                            "Invalid_Response": {
                                                "inputs": {
                                                    "name": "GetResponseError",
                                                    "value": true
                                                },
                                                "runAfter": {
                                                    "Parse_JSON_Response": [
                                                        "FAILED",
                                                        "TIMEDOUT"
                                                    ]
                                                },
                                                "type": "SetVariable"
                                            },
                                            "Parse_JSON_Response": {
                                                "inputs": {
                                                    "content": "@outputs('Invoke_Foundation_Workflow')?['body']",
                                                    "schema": {
                                                        "properties": {
                                                            "action": {
                                                                "type": "string"
                                                            },
                                                            "activityInstanceGuid": {
                                                                "type": "string"
                                                            },
                                                            "responseLockToken": {
                                                                "type": "string"
                                                            }
                                                        },
                                                        "type": "object"
                                                    }
                                                },
                                                "runAfter": {},
                                                "type": "ParseJson"
                                            }
                                        },
                                        "expression": {
                                            "and": [
                                                {
                                                    "not": {
                                                        "equals": [
                                                            "@variables('GetResponseError')",
                                                            true
                                                        ]
                                                    }
                                                }
                                            ]
                                        },
                                        "runAfter": {
                                            "Set_Response_Error_to_True": [
                                                "Succeeded",
                                                "TIMEDOUT",
                                                "SKIPPED",
                                                "FAILED"
                                            ]
                                        },
                                        "type": "If"
                                    },
                                    "Invoke_Foundation_Workflow": {
                                        "inputs": {
                                            "body": {
                                                "ActionWorkflowRunID": "@variables('currentWorkflow')?['name']",
                                                "CaseInstanceGuid": "@triggerBody()['CaseInstanceGuid']",
                                                "ClientGuid": "@triggerBody()['ClientGuid']",
                                                "CorrelationId": "@variables('Correlation_Id')",
                                                "PollingFrequency": "@variables('getResponsePollingFreqInSec')",
                                                "StepId": "@triggerBody()['StepId']"
                                            },
                                            "host": {
                                                "workflow": {
                                                    "id": "foundation-step-workflow"
                                                }
                                            }
                                        },
                                        "runAfter": {
                                            "Reset_Response_Error_to_False": [
                                                "Succeeded"
                                            ]
                                        },
                                        "type": "Workflow"
                                    },
                                    "Reset_Response_Error_to_False": {
                                        "inputs": {
                                            "name": "GetResponseError",
                                            "value": false
                                        },
                                        "runAfter": {},
                                        "type": "SetVariable"
                                    },
                                    "Set_Response_Error_to_True": {
                                        "inputs": {
                                            "name": "GetResponseError",
                                            "value": true
                                        },
                                        "runAfter": {
                                            "Invoke_Foundation_Workflow": [
                                                "FAILED",
                                                "TIMEDOUT"
                                            ]
                                        },
                                        "type": "SetVariable"
                                    }
                                },
                                "expression": "@equals(variables('ReceivedResponse'), true)",
                                "limit": {
                                    "count": 90,
                                    "timeout": "P3M"
                                },
                                "runAfter": {},
                                "type": "Until"
                            }
                        },
                        "runAfter": {
                            "Activity_Start": [
                                "Succeeded"
                            ]
                        },
                        "type": "Scope"
                    },
                    "Wait_for_Response_90_Days_Block_2": {
                        "actions": {
                            "If_No_Valid_Response_From_Block_1": {
                                "actions": {
                                    "Until_valid_Response_is_Received_2": {
                                        "actions": {
                                            "If_Response_has_no_Error_2": {
                                                "actions": {
                                                    "If_no_Parsing_Error_2": {
                                                        "actions": {
                                                            "Assign_Activity_Instance_Guid_2": {
                                                                "inputs": {
                                                                    "name": "ResponseActivityInstanceGuid",
                                                                    "value": "@body('Parse_JSON_Response_2')?['activityInstanceGuid']"
                                                                },
                                                                "runAfter": {
                                                                    "Assign_Response_Lock_Token_2": [
                                                                        "Succeeded"
                                                                    ]
                                                                },
                                                                "type": "SetVariable"
                                                            },
                                                            "Assign_Response_Action_2": {
                                                                "inputs": {
                                                                    "name": "ResponseAction",
                                                                    "value": "@body('Parse_JSON_Response_2')?['action']"
                                                                },
                                                                "runAfter": {},
                                                                "type": "SetVariable"
                                                            },
                                                            "Assign_Response_Lock_Token_2": {
                                                                "inputs": {
                                                                    "name": "ResponseLockToken",
                                                                    "value": "@body('Parse_JSON_Response_2')?['responseLockToken']"
                                                                },
                                                                "runAfter": {
                                                                    "Assign_Response_Action_2": [
                                                                        "Succeeded"
                                                                    ]
                                                                },
                                                                "type": "SetVariable"
                                                            },
                                                            "Received_Response_is_VALID_2": {
                                                                "inputs": {
                                                                    "name": "ReceivedResponse",
                                                                    "value": true
                                                                },
                                                                "runAfter": {
                                                                    "Assign_Activity_Instance_Guid_2": [
                                                                        "Succeeded"
                                                                    ]
                                                                },
                                                                "type": "SetVariable"
                                                            }
                                                        },
                                                        "expression": {
                                                            "and": [
                                                                {
                                                                    "not": {
                                                                        "equals": [
                                                                            "@variables('GetResponseError')",
                                                                            true
                                                                        ]
                                                                    }
                                                                }
                                                            ]
                                                        },
                                                        "runAfter": {
                                                            "Invalid_Response_2": [
                                                                "Succeeded",
                                                                "TIMEDOUT",
                                                                "SKIPPED",
                                                                "FAILED"
                                                            ]
                                                        },
                                                        "type": "If"
                                                    },
                                                    "Invalid_Response_2": {
                                                        "inputs": {
                                                            "name": "GetResponseError",
                                                            "value": true
                                                        },
                                                        "runAfter": {
                                                            "Parse_JSON_Response_2": [
                                                                "FAILED",
                                                                "TIMEDOUT"
                                                            ]
                                                        },
                                                        "type": "SetVariable"
                                                    },
                                                    "Parse_JSON_Response_2": {
                                                        "inputs": {
                                                            "content": "@outputs('Invoke_Foundation_Workflow_2')?['body']",
                                                            "schema": {
                                                                "properties": {
                                                                    "action": {
                                                                        "type": "string"
                                                                    },
                                                                    "activityInstanceGuid": {
                                                                        "type": "string"
                                                                    },
                                                                    "responseLockToken": {
                                                                        "type": "string"
                                                                    }
                                                                },
                                                                "type": "object"
                                                            }
                                                        },
                                                        "runAfter": {},
                                                        "type": "ParseJson"
                                                    }
                                                },
                                                "expression": {
                                                    "and": [
                                                        {
                                                            "not": {
                                                                "equals": [
                                                                    "@variables('GetResponseError')",
                                                                    true
                                                                ]
                                                            }
                                                        }
                                                    ]
                                                },
                                                "runAfter": {
                                                    "Set_Response_Error_to_True_2": [
                                                        "Succeeded",
                                                        "TIMEDOUT",
                                                        "SKIPPED",
                                                        "FAILED"
                                                    ]
                                                },
                                                "type": "If"
                                            },
                                            "Invoke_Foundation_Workflow_2": {
                                                "inputs": {
                                                    "body": {
                                                        "ActionWorkflowRunID": "@variables('currentWorkflow')?['name']",
                                                        "CaseInstanceGuid": "@triggerBody()['CaseInstanceGuid']",
                                                        "ClientGuid": "@triggerBody()['ClientGuid']",
                                                        "CorrelationId": "@variables('Correlation_Id')",
                                                        "PollingFrequency": "@variables('getResponsePollingFreqInSec')",
                                                        "StepId": "@triggerBody()['StepId']"
                                                    },
                                                    "host": {
                                                        "workflow": {
                                                            "id": "foundation-step-workflow"
                                                        }
                                                    }
                                                },
                                                "runAfter": {
                                                    "Reset_Response_Error_to_False_2": [
                                                        "Succeeded"
                                                    ]
                                                },
                                                "type": "Workflow"
                                            },
                                            "Reset_Response_Error_to_False_2": {
                                                "inputs": {
                                                    "name": "GetResponseError",
                                                    "value": false
                                                },
                                                "runAfter": {},
                                                "type": "SetVariable"
                                            },
                                            "Set_Response_Error_to_True_2": {
                                                "inputs": {
                                                    "name": "GetResponseError",
                                                    "value": true
                                                },
                                                "runAfter": {
                                                    "Invoke_Foundation_Workflow_2": [
                                                        "FAILED",
                                                        "TIMEDOUT"
                                                    ]
                                                },
                                                "type": "SetVariable"
                                            }
                                        },
                                        "expression": "@equals(variables('ReceivedResponse'), true)",
                                        "limit": {
                                            "count": 90,
                                            "timeout": "P3M"
                                        },
                                        "runAfter": {},
                                        "type": "Until"
                                    }
                                },
                                "expression": {
                                    "and": [
                                        {
                                            "not": {
                                                "equals": [
                                                    "@variables('ReceivedResponse')",
                                                    "@true"
                                                ]
                                            }
                                        }
                                    ]
                                },
                                "runAfter": {},
                                "type": "If"
                            }
                        },
                        "runAfter": {
                            "Wait_for_Response_90_Days_Block_1": [
                                "Succeeded",
                                "TIMEDOUT",
                                "FAILED"
                            ]
                        },
                        "type": "Scope"
                    },
                    "Wait_for_Response_90_Days_Block_3": {
                        "actions": {
                            "If_No_Valid_Response_From_Block_2": {
                                "actions": {
                                    "Until_valid_Response_is_Received_3": {
                                        "actions": {
                                            "If_Response_has_no_Error_3": {
                                                "actions": {
                                                    "If_no_Parsing_Error_3": {
                                                        "actions": {
                                                            "Assign_Activity_Instance_Guid_3": {
                                                                "inputs": {
                                                                    "name": "ResponseActivityInstanceGuid",
                                                                    "value": "@body('Parse_JSON_Response_3')?['activityInstanceGuid']"
                                                                },
                                                                "runAfter": {
                                                                    "Assign_Response_Lock_Token_3": [
                                                                        "Succeeded"
                                                                    ]
                                                                },
                                                                "type": "SetVariable"
                                                            },
                                                            "Assign_Response_Action_3": {
                                                                "inputs": {
                                                                    "name": "ResponseAction",
                                                                    "value": "@body('Parse_JSON_Response_3')?['action']"
                                                                },
                                                                "runAfter": {},
                                                                "type": "SetVariable"
                                                            },
                                                            "Assign_Response_Lock_Token_3": {
                                                                "inputs": {
                                                                    "name": "ResponseLockToken",
                                                                    "value": "@body('Parse_JSON_Response_3')?['responseLockToken']"
                                                                },
                                                                "runAfter": {
                                                                    "Assign_Response_Action_3": [
                                                                        "Succeeded"
                                                                    ]
                                                                },
                                                                "type": "SetVariable"
                                                            },
                                                            "Received_Response_is_VALID_3": {
                                                                "inputs": {
                                                                    "name": "ReceivedResponse",
                                                                    "value": true
                                                                },
                                                                "runAfter": {
                                                                    "Assign_Activity_Instance_Guid_3": [
                                                                        "Succeeded"
                                                                    ]
                                                                },
                                                                "type": "SetVariable"
                                                            }
                                                        },
                                                        "expression": {
                                                            "and": [
                                                                {
                                                                    "not": {
                                                                        "equals": [
                                                                            "@variables('GetResponseError')",
                                                                            true
                                                                        ]
                                                                    }
                                                                }
                                                            ]
                                                        },
                                                        "runAfter": {
                                                            "Invalid_Response_3": [
                                                                "Succeeded",
                                                                "TIMEDOUT",
                                                                "SKIPPED",
                                                                "FAILED"
                                                            ]
                                                        },
                                                        "type": "If"
                                                    },
                                                    "Invalid_Response_3": {
                                                        "inputs": {
                                                            "name": "GetResponseError",
                                                            "value": true
                                                        },
                                                        "runAfter": {
                                                            "Parse_JSON_Response_3": [
                                                                "FAILED",
                                                                "TIMEDOUT"
                                                            ]
                                                        },
                                                        "type": "SetVariable"
                                                    },
                                                    "Parse_JSON_Response_3": {
                                                        "inputs": {
                                                            "content": "@outputs('Invoke_Foundation_Workflow_3')?['body']",
                                                            "schema": {
                                                                "properties": {
                                                                    "action": {
                                                                        "type": "string"
                                                                    },
                                                                    "activityInstanceGuid": {
                                                                        "type": "string"
                                                                    },
                                                                    "responseLockToken": {
                                                                        "type": "string"
                                                                    }
                                                                },
                                                                "type": "object"
                                                            }
                                                        },
                                                        "runAfter": {},
                                                        "type": "ParseJson"
                                                    }
                                                },
                                                "expression": {
                                                    "and": [
                                                        {
                                                            "not": {
                                                                "equals": [
                                                                    "@variables('GetResponseError')",
                                                                    true
                                                                ]
                                                            }
                                                        }
                                                    ]
                                                },
                                                "runAfter": {
                                                    "Set_Response_Error_to_True_3": [
                                                        "Succeeded",
                                                        "TIMEDOUT",
                                                        "SKIPPED",
                                                        "FAILED"
                                                    ]
                                                },
                                                "type": "If"
                                            },
                                            "Invoke_Foundation_Workflow_3": {
                                                "inputs": {
                                                    "body": {
                                                        "ActionWorkflowRunID": "@variables('currentWorkflow')?['name']",
                                                        "CaseInstanceGuid": "@triggerBody()['CaseInstanceGuid']",
                                                        "ClientGuid": "@triggerBody()['ClientGuid']",
                                                        "CorrelationId": "@variables('Correlation_Id')",
                                                        "PollingFrequency": "@variables('getResponsePollingFreqInSec')",
                                                        "StepId": "@triggerBody()['StepId']"
                                                    },
                                                    "host": {
                                                        "workflow": {
                                                            "id": "foundation-step-workflow"
                                                        }
                                                    }
                                                },
                                                "runAfter": {
                                                    "Reset_Response_Error_to_False_3": [
                                                        "Succeeded"
                                                    ]
                                                },
                                                "type": "Workflow"
                                            },
                                            "Reset_Response_Error_to_False_3": {
                                                "inputs": {
                                                    "name": "GetResponseError",
                                                    "value": false
                                                },
                                                "runAfter": {},
                                                "type": "SetVariable"
                                            },
                                            "Set_Response_Error_to_True_3": {
                                                "inputs": {
                                                    "name": "GetResponseError",
                                                    "value": true
                                                },
                                                "runAfter": {
                                                    "Invoke_Foundation_Workflow_3": [
                                                        "FAILED",
                                                        "TIMEDOUT"
                                                    ]
                                                },
                                                "type": "SetVariable"
                                            }
                                        },
                                        "expression": "@equals(variables('ReceivedResponse'), true)",
                                        "limit": {
                                            "count": 90,
                                            "timeout": "P3M"
                                        },
                                        "runAfter": {},
                                        "type": "Until"
                                    }
                                },
                                "expression": {
                                    "and": [
                                        {
                                            "not": {
                                                "equals": [
                                                    "@variables('ReceivedResponse')",
                                                    "@true"
                                                ]
                                            }
                                        }
                                    ]
                                },
                                "runAfter": {},
                                "type": "If"
                            }
                        },
                        "runAfter": {
                            "Wait_for_Response_90_Days_Block_2": [
                                "Succeeded",
                                "TIMEDOUT",
                                "FAILED"
                            ]
                        },
                        "type": "Scope"
                    },
                    "Wait_for_Response_90_Days_Block_4": {
                        "actions": {
                            "If_No_Valid_Response_From_Block_3": {
                                "actions": {
                                    "Until_valid_Response_is_Received_4": {
                                        "actions": {
                                            "If_Response_has_no_Error_4": {
                                                "actions": {
                                                    "If_no_Parsing_Error_4": {
                                                        "actions": {
                                                            "Assign_Activity_Instance_Guid_4": {
                                                                "inputs": {
                                                                    "name": "ResponseActivityInstanceGuid",
                                                                    "value": "@body('Parse_JSON_Response_4')?['activityInstanceGuid']"
                                                                },
                                                                "runAfter": {
                                                                    "Assign_Response_Lock_Token_4": [
                                                                        "Succeeded"
                                                                    ]
                                                                },
                                                                "type": "SetVariable"
                                                            },
                                                            "Assign_Response_Action_4": {
                                                                "inputs": {
                                                                    "name": "ResponseAction",
                                                                    "value": "@body('Parse_JSON_Response_4')?['action']"
                                                                },
                                                                "runAfter": {},
                                                                "type": "SetVariable"
                                                            },
                                                            "Assign_Response_Lock_Token_4": {
                                                                "inputs": {
                                                                    "name": "ResponseLockToken",
                                                                    "value": "@body('Parse_JSON_Response_4')?['responseLockToken']"
                                                                },
                                                                "runAfter": {
                                                                    "Assign_Response_Action_4": [
                                                                        "Succeeded"
                                                                    ]
                                                                },
                                                                "type": "SetVariable"
                                                            },
                                                            "Received_Response_is_VALID_4": {
                                                                "inputs": {
                                                                    "name": "ReceivedResponse",
                                                                    "value": true
                                                                },
                                                                "runAfter": {
                                                                    "Assign_Activity_Instance_Guid_4": [
                                                                        "Succeeded"
                                                                    ]
                                                                },
                                                                "type": "SetVariable"
                                                            }
                                                        },
                                                        "expression": {
                                                            "and": [
                                                                {
                                                                    "not": {
                                                                        "equals": [
                                                                            "@variables('GetResponseError')",
                                                                            true
                                                                        ]
                                                                    }
                                                                }
                                                            ]
                                                        },
                                                        "runAfter": {
                                                            "Invalid_Response_4": [
                                                                "Succeeded",
                                                                "TIMEDOUT",
                                                                "SKIPPED",
                                                                "FAILED"
                                                            ]
                                                        },
                                                        "type": "If"
                                                    },
                                                    "Invalid_Response_4": {
                                                        "inputs": {
                                                            "name": "GetResponseError",
                                                            "value": true
                                                        },
                                                        "runAfter": {
                                                            "Parse_JSON_Response_4": [
                                                                "FAILED",
                                                                "TIMEDOUT"
                                                            ]
                                                        },
                                                        "type": "SetVariable"
                                                    },
                                                    "Parse_JSON_Response_4": {
                                                        "inputs": {
                                                            "content": "@outputs('Invoke_Foundation_Workflow_4')?['body']",
                                                            "schema": {
                                                                "properties": {
                                                                    "action": {
                                                                        "type": "string"
                                                                    },
                                                                    "activityInstanceGuid": {
                                                                        "type": "string"
                                                                    },
                                                                    "responseLockToken": {
                                                                        "type": "string"
                                                                    }
                                                                },
                                                                "type": "object"
                                                            }
                                                        },
                                                        "runAfter": {},
                                                        "type": "ParseJson"
                                                    }
                                                },
                                                "expression": {
                                                    "and": [
                                                        {
                                                            "not": {
                                                                "equals": [
                                                                    "@variables('GetResponseError')",
                                                                    true
                                                                ]
                                                            }
                                                        }
                                                    ]
                                                },
                                                "runAfter": {
                                                    "Set_Response_Error_to_True_4": [
                                                        "Succeeded",
                                                        "TIMEDOUT",
                                                        "SKIPPED",
                                                        "FAILED"
                                                    ]
                                                },
                                                "type": "If"
                                            },
                                            "Invoke_Foundation_Workflow_4": {
                                                "inputs": {
                                                    "body": {
                                                        "ActionWorkflowRunID": "@variables('currentWorkflow')?['name']",
                                                        "CaseInstanceGuid": "@triggerBody()['CaseInstanceGuid']",
                                                        "ClientGuid": "@triggerBody()['ClientGuid']",
                                                        "CorrelationId": "@variables('Correlation_Id')",
                                                        "PollingFrequency": "@variables('getResponsePollingFreqInSec')",
                                                        "StepId": "@triggerBody()['StepId']"
                                                    },
                                                    "host": {
                                                        "workflow": {
                                                            "id": "foundation-step-workflow"
                                                        }
                                                    }
                                                },
                                                "runAfter": {
                                                    "Reset_Response_Error_to_False_4": [
                                                        "Succeeded"
                                                    ]
                                                },
                                                "type": "Workflow"
                                            },
                                            "Reset_Response_Error_to_False_4": {
                                                "inputs": {
                                                    "name": "GetResponseError",
                                                    "value": false
                                                },
                                                "runAfter": {},
                                                "type": "SetVariable"
                                            },
                                            "Set_Response_Error_to_True_4": {
                                                "inputs": {
                                                    "name": "GetResponseError",
                                                    "value": true
                                                },
                                                "runAfter": {
                                                    "Invoke_Foundation_Workflow_4": [
                                                        "FAILED",
                                                        "TIMEDOUT"
                                                    ]
                                                },
                                                "type": "SetVariable"
                                            }
                                        },
                                        "expression": "@equals(variables('ReceivedResponse'), true)",
                                        "limit": {
                                            "count": 90,
                                            "timeout": "P3M"
                                        },
                                        "runAfter": {},
                                        "type": "Until"
                                    }
                                },
                                "expression": {
                                    "and": [
                                        {
                                            "not": {
                                                "equals": [
                                                    "@variables('ReceivedResponse')",
                                                    "@true"
                                                ]
                                            }
                                        }
                                    ]
                                },
                                "runAfter": {},
                                "type": "If"
                            }
                        },
                        "runAfter": {
                            "Wait_for_Response_90_Days_Block_3": [
                                "Succeeded",
                                "TIMEDOUT",
                                "FAILED"
                            ]
                        },
                        "type": "Scope"
                    }
                },
                "runAfter": {
                    "Initialize_Current_Workflow_Metadata": [
                        "Succeeded"
                    ]
                },
                "type": "Scope"
            },
            "Return": {
                "actions": {
                    "if_Response_Received_is_Valid": {
                        "actions": {
                            "Return_Success_Response": {
                                "inputs": {
                                    "body": {
                                        "action": "@variables('ResponseAction')"
                                    },
                                    "statusCode": 200
                                },
                                "kind": "http",
                                "runAfter": {},
                                "type": "Response"
                            }
                        },
                        "else": {
                            "actions": {
                                "Return_Failed_Response": {
                                    "inputs": {
                                        "statusCode": 500
                                    },
                                    "kind": "http",
                                    "runAfter": {},
                                    "type": "Response"
                                }
                            }
                        },
                        "expression": {
                            "and": [
                                {
                                    "equals": [
                                        "@variables('ReceivedResponse')",
                                        "@true"
                                    ]
                                }
                            ]
                        },
                        "runAfter": {},
                        "type": "If"
                    }
                },
                "runAfter": {
                    "Main_Activity": [
                        "Succeeded",
                        "TIMEDOUT",
                        "SKIPPED",
                        "FAILED"
                    ]
                },
                "type": "Scope"
            },
            "Set_Default_Polling_Frequency_to_300_sec": {
                "inputs": {
                    "name": "getResponsePollingFreqInSec",
                    "value": 300
                },
                "runAfter": {
                    "Initialize_Response_Polling_Frequency_In_Sec": [
                        "FAILED"
                    ]
                },
                "type": "SetVariable"
            }
        },
        "contentVersion": "1.0.0.0",
        "outputs": {},
        "triggers": {
            "manual": {
                "inputs": {
                    "schema": {
                        "properties": {
                            "CaseInstanceGuid": {
                                "type": "string"
                            },
                            "ClientGuid": {
                                "type": "string"
                            },
                            "StepId": {
                                "type": "number"
                            }
                        },
                        "required": [
                            "ClientGuid",
                            "CaseInstanceGuid",
                            "StepId"
                        ],
                        "type": "object"
                    }
                },
                "kind": "Http",
                "type": "Request"
            }
        }
    },
    "kind": "Stateful"
}