{
  "definition": {
    "$schema": "https://schema.management.azure.com/providers/Microsoft.Logic/schemas/2016-06-01/workflowdefinition.json#",
    "actions": {
      "Initiation": {
        "type": "Scope",
        "actions": {
          "100_-_Confirm_Email_Received": {
            "type": "Workflow",
            "inputs": {
              "host": {
                "workflow": {
                  "id": "Instructions-Activity-Step"
                }
              },
              "body": {
                "StepId": 100,
                "CaseInstanceGuid": "@triggerBody()?['CaseInstanceGuid']",
                "ClientGuid": "@triggerBody()?['ClientGuid']"
              }
            },
            "runAfter": {}
          }
        },
        "runAfter": {}
      }
    },
    "triggers": {
      "manual": {
        "type": "Request",
        "kind": "Http",
        "inputs": {
          "schema": {
            "type": "object",
            "properties": {
              "ClientGuid": {
                "type": "string"
              },
              "CaseInstanceGuid": {
                "type": "string"
              }
            }
          }
        }
      }
    },
    "contentVersion": "1.0.0.0",
    "outputs": {}
  },
  "kind": "Stateful"
}