{
  "definition": {
    "$schema": "https://schema.management.azure.com/providers/Microsoft.Logic/schemas/2016-06-01/workflowdefinition.json#",
    "actions": {
      "Initiation": {
        "actions": {
          "100_-_Confirm_Email_Received": {
            "inputs": {
              "body": {
                "CaseInstanceGuid": "@triggerBody()?['CaseInstanceGuid']",
                "ClientGuid": "@triggerBody()?['ClientGuid']",
                "StepId": 100
              },
              "host": {
                "workflow": {
                  "id": "Instructions-Activity-Step"
                }
              }
            },
            "runAfter": {},
            "type": "Workflow"
          }
        },
        "runAfter": {},
        "type": "Scope"
      }
    },
    "contentVersion": "1.0.0.0",
    "outputs": {},
    "triggers": {
      "manual": {
        "inputs": {
          "schema": {
            "properties": {
              "CaseInstanceGuid": {
                "type": "string"
              },
              "ClientGuid": {
                "type": "string"
              }
            },
            "type": "object"
          }
        },
        "kind": "Http",
        "type": "Request"
      }
    }
  },
  "kind": "Stateful"
}