{
    "definition": {
        "$schema": "https://schema.management.azure.com/providers/Microsoft.Logic/schemas/2016-06-01/workflowdefinition.json#",
        "actions": {
            "Foundation_Activity": {
                "actions": {
                    "Until_valid_Response_is_Received_for_a_DAY": {
                        "actions": {
                            "Delay_with_Polling_Freq_In_Sec": {
                                "inputs": {
                                    "interval": {
                                        "count": "@variables('getResponsePollingFreqInSec')",
                                        "unit": "Second"
                                    }
                                },
                                "runAfter": {},
                                "type": "Wait"
                            },
                            "Get_Response": {
                                "inputs": {
                                    "host": {
                                        "connection": {
                                            "referenceName": "case-activity-response-sb-connection"
                                        }
                                    },
                                    "method": "get",
                                    "path": "/@{encodeURIComponent(encodeURIComponent('case-activity-response'))}/subscriptions/@{encodeURIComponent('case-workflow-subscription')}/messages/batch/peek",
                                    "queries": {
                                        "maxMessageCount": 1,
                                        "sessionId": "@variables('Correlation_Id')",
                                        "subscriptionType": "Main"
                                    }
                                },
                                "runAfter": {
                                    "Reset_Response_Error_to_False": [
                                        "Succeeded"
                                    ]
                                },
                                "type": "ApiConnection"
                            },
                            "If_Response_has_no_Error": {
                                "actions": {
                                    "For_each": {
                                        "actions": {
                                            "If_no_Parsing_Error": {
                                                "actions": {
                                                    "Assign_Activity_Instance_Guid": {
                                                        "inputs": {
                                                            "name": "ResponseActivityInstanceGuid",
                                                            "value": "@body('Parse_Response')['ActivityInstanceGuid']"
                                                        },
                                                        "runAfter": {
                                                            "Assign_Response_Lock_Token": [
                                                                "Succeeded"
                                                            ]
                                                        },
                                                        "type": "SetVariable"
                                                    },
                                                    "Assign_Response_Action": {
                                                        "inputs": {
                                                            "name": "ResponseAction",
                                                            "value": "@body('Parse_Response')['Action']"
                                                        },
                                                        "runAfter": {},
                                                        "type": "SetVariable"
                                                    },
                                                    "Assign_Response_Lock_Token": {
                                                        "inputs": {
                                                            "name": "ResponseLockToken",
                                                            "value": "@items('For_each')?['LockToken']"
                                                        },
                                                        "runAfter": {
                                                            "Assign_Response_Action": [
                                                                "Succeeded"
                                                            ]
                                                        },
                                                        "type": "SetVariable"
                                                    },
                                                    "Received_Response_is_VALID": {
                                                        "inputs": {
                                                            "name": "ReceivedResponse",
                                                            "value": true
                                                        },
                                                        "runAfter": {
                                                            "Assign_Activity_Instance_Guid": [
                                                                "Succeeded"
                                                            ]
                                                        },
                                                        "type": "SetVariable"
                                                    }
                                                },
                                                "expression": {
                                                    "and": [
                                                        {
                                                            "not": {
                                                                "equals": [
                                                                    "@variables('GetResponseError')",
                                                                    true
                                                                ]
                                                            }
                                                        }
                                                    ]
                                                },
                                                "runAfter": {
                                                    "Invalid_Response": [
                                                        "Succeeded",
                                                        "TIMEDOUT",
                                                        "SKIPPED",
                                                        "FAILED"
                                                    ]
                                                },
                                                "type": "If"
                                            },
                                            "Invalid_Response": {
                                                "inputs": {
                                                    "name": "GetResponseError",
                                                    "value": true
                                                },
                                                "runAfter": {
                                                    "Parse_Response": [
                                                        "FAILED",
                                                        "SKIPPED",
                                                        "TIMEDOUT"
                                                    ]
                                                },
                                                "type": "SetVariable"
                                            },
                                            "Parse_Response": {
                                                "inputs": {
                                                    "content": "@json(base64ToString(items('For_each')?['ContentData']))",
                                                    "schema": {
                                                        "properties": {
                                                            "Action": {
                                                                "type": "string"
                                                            },
                                                            "ActivityInstanceGuid": {
                                                                "type": "string"
                                                            },
                                                            "CaseInstanceGuid": {
                                                                "type": "string"
                                                            },
                                                            "ClientGuid": {
                                                                "type": "string"
                                                            },
                                                            "CorrelationId": {
                                                                "type": "string"
                                                            },
                                                            "Data": {
                                                                "items": {
                                                                    "properties": {
                                                                        "key": {
                                                                            "type": "string"
                                                                        },
                                                                        "value": {
                                                                            "type": "string"
                                                                        }
                                                                    },
                                                                    "required": [
                                                                        "key",
                                                                        "value"
                                                                    ],
                                                                    "type": "object"
                                                                },
                                                                "type": "array"
                                                            }
                                                        },
                                                        "required": [
                                                            "CaseInstanceGuid",
                                                            "ClientGuid",
                                                            "ActivityInstanceGuid",
                                                            "CorrelationId",
                                                            "Action"
                                                        ],
                                                        "type": "object"
                                                    }
                                                },
                                                "runAfter": {},
                                                "type": "ParseJson"
                                            }
                                        },
                                        "foreach": "@body('Get_Response')",
                                        "runAfter": {},
                                        "type": "Foreach"
                                    }
                                },
                                "expression": {
                                    "and": [
                                        {
                                            "not": {
                                                "equals": [
                                                    "@variables('GetResponseError')",
                                                    true
                                                ]
                                            }
                                        }
                                    ]
                                },
                                "runAfter": {
                                    "Set_Response_Error_to_True": [
                                        "Succeeded",
                                        "TIMEDOUT",
                                        "SKIPPED",
                                        "FAILED"
                                    ]
                                },
                                "type": "If"
                            },
                            "Reset_Response_Error_to_False": {
                                "inputs": {
                                    "name": "GetResponseError",
                                    "value": false
                                },
                                "runAfter": {
                                    "Delay_with_Polling_Freq_In_Sec": [
                                        "Succeeded"
                                    ]
                                },
                                "type": "SetVariable"
                            },
                            "Set_Response_Error_to_True": {
                                "inputs": {
                                    "name": "GetResponseError",
                                    "value": true
                                },
                                "runAfter": {
                                    "Get_Response": [
                                        "FAILED",
                                        "TIMEDOUT"
                                    ]
                                },
                                "type": "SetVariable"
                            }
                        },
                        "expression": "@equals(variables('ReceivedResponse'), true)",
                        "limit": {
                            "count": 720,
                            "timeout": "P1D"
                        },
                        "runAfter": {},
                        "type": "Until"
                    }
                },
                "runAfter": {
                    "Initialize_Current_Workflow_Metadata": [
                        "Succeeded"
                    ]
                },
                "type": "Scope"
            },
            "Initialize_Correlation_Id": {
                "inputs": {
                    "variables": [
                        {
                            "name": "Correlation_Id",
                            "type": "string",
                            "value": "@triggerBody()['CorrelationId']"
                        }
                    ]
                },
                "runAfter": {},
                "type": "InitializeVariable"
            },
            "Initialize_Current_Workflow_Metadata": {
                "inputs": {
                    "variables": [
                        {
                            "name": "currentWorkflow",
                            "type": "object",
                            "value": {
                                "name": "@triggerBody()['ActionWorkflowRunID']"
                            }
                        }
                    ]
                },
                "runAfter": {
                    "Initialize_Response_Activity_Instance_Guid": [
                        "Succeeded"
                    ]
                },
                "type": "InitializeVariable"
            },
            "Initialize_Received_Response_to_False": {
                "inputs": {
                    "variables": [
                        {
                            "name": "ReceivedResponse",
                            "type": "boolean",
                            "value": false
                        }
                    ]
                },
                "runAfter": {
                    "Initialize_Response_Polling_Frequency_In_Sec": [
                        "SUCCEEDED"
                    ]
                },
                "type": "InitializeVariable"
            },
            "Initialize_Response_Action": {
                "inputs": {
                    "variables": [
                        {
                            "name": "ResponseAction",
                            "type": "string",
                            "value": "\"\""
                        }
                    ]
                },
                "runAfter": {
                    "Initialize_Response_Error_to_False": [
                        "Succeeded"
                    ]
                },
                "type": "InitializeVariable"
            },
            "Initialize_Response_Activity_Instance_Guid": {
                "inputs": {
                    "variables": [
                        {
                            "name": "ResponseActivityInstanceGuid",
                            "type": "string",
                            "value": "\"\""
                        }
                    ]
                },
                "runAfter": {
                    "Initialize_Response_Lock_Token": [
                        "Succeeded"
                    ]
                },
                "type": "InitializeVariable"
            },
            "Initialize_Response_Error_to_False": {
                "inputs": {
                    "variables": [
                        {
                            "name": "GetResponseError",
                            "type": "boolean",
                            "value": false
                        }
                    ]
                },
                "runAfter": {
                    "Initialize_Received_Response_to_False": [
                        "Succeeded"
                    ]
                },
                "type": "InitializeVariable"
            },
            "Initialize_Response_Lock_Token": {
                "inputs": {
                    "variables": [
                        {
                            "name": "ResponseLockToken",
                            "type": "string",
                            "value": "\"\""
                        }
                    ]
                },
                "runAfter": {
                    "Initialize_Response_Action": [
                        "Succeeded"
                    ]
                },
                "type": "InitializeVariable"
            },
            "Initialize_Response_Polling_Frequency_In_Sec": {
                "inputs": {
                    "variables": [
                        {
                            "name": "getResponsePollingFreqInSec",
                            "type": "integer",
                            "value": "@triggerBody()['PollingFrequency']"
                        }
                    ]
                },
                "runAfter": {
                    "Initialize_Correlation_Id": [
                        "Succeeded"
                    ]
                },
                "type": "InitializeVariable"
            },
            "Return": {
                "actions": {
                    "if_Response_Received_is_Valid": {
                        "actions": {
                            "Return_Success_Foundation_Response": {
                                "inputs": {
                                    "body": {
                                        "action": "@variables('ResponseAction')",
                                        "activityInstanceGuid": "@variables('ResponseActivityInstanceGuid')",
                                        "correlationId": "@variables('Correlation_Id')",
                                        "responseLockToken": "@variables('ResponseLockToken')"
                                    },
                                    "statusCode": 200
                                },
                                "kind": "http",
                                "runAfter": {},
                                "type": "Response"
                            }
                        },
                        "else": {
                            "actions": {
                                "Return_Failed_Foundation_Response": {
                                    "inputs": {
                                        "statusCode": 500
                                    },
                                    "kind": "http",
                                    "runAfter": {},
                                    "type": "Response"
                                }
                            }
                        },
                        "expression": {
                            "and": [
                                {
                                    "equals": [
                                        "@variables('ReceivedResponse')",
                                        "@true"
                                    ]
                                }
                            ]
                        },
                        "runAfter": {},
                        "type": "If"
                    }
                },
                "runAfter": {
                    "Foundation_Activity": [
                        "Succeeded",
                        "TIMEDOUT",
                        "SKIPPED",
                        "FAILED"
                    ]
                },
                "type": "Scope"
            }
        },
        "contentVersion": "1.0.0.0",
        "outputs": {},
        "triggers": {
            "manual": {
                "inputs": {
                    "schema": {
                        "properties": {
                            "ActionWorkflowRunID": {
                                "type": "string"
                            },
                            "CaseInstanceGuid": {
                                "type": "string"
                            },
                            "ClientGuid": {
                                "type": "string"
                            },
                            "CorrelationId": {
                                "type": "string"
                            },
                            "PollingFrequency": {
                                "type": "number"
                            },
                            "StepId": {
                                "type": "number"
                            }
                        },
                        "required": [
                            "ClientGuid",
                            "CaseInstanceGuid",
                            "StepId",
                            "CorrelationId",
                            "PollingFrequency",
                            "ActionWorkflowRunID"
                        ],
                        "type": "object"
                    }
                },
                "kind": "Http",
                "type": "Request"
            }
        }
    },
    "kind": "Stateful"
}