{
    "definition": {
        "$schema": "https://schema.management.azure.com/providers/Microsoft.Logic/schemas/2016-06-01/workflowdefinition.json#",
        "actions": {
            "Complete_the_message_in_case-instance-start-request_topic_subscription": {
                "inputs": {
                    "host": {
                        "connection": {
                            "referenceName": "case-activity-response-sb-connection"
                        }
                    },
                    "method": "delete",
                    "path": "/@{encodeURIComponent(encodeURIComponent('case-instance-start-request'))}/subscriptions/@{encodeURIComponent('case-workflow-subscription')}/messages/complete",
                    "queries": {
                        "lockToken": "@triggerBody()?['LockToken']",
                        "sessionId": "",
                        "subscriptionType": "Main"
                    }
                },
                "runAfter": {
                    "Trigger_Subworkflow": [
                        "Succeeded",
                        "FAILED",
                        "SKIPPED",
                        "TIMEDOUT"
                    ]
                },
                "type": "ApiConnection"
            },
            "Initialize_MessageLockLastCheckUtcTS": {
                "inputs": {
                    "variables": [
                        {
                            "name": "MessageLockLastCheckUtcTS",
                            "type": "string",
                            "value": "@{utcNow()}"
                        }
                    ]
                },
                "runAfter": {
                    "Initialize_SubworkflowUrlAcquired": [
                        "Succeeded"
                    ]
                },
                "type": "InitializeVariable"
            },
            "Initialize_SubworkflowUrlAcquired": {
                "inputs": {
                    "variables": [
                        {
                            "name": "SubworkflowUrlAcquired",
                            "type": "boolean",
                            "value": false
                        }
                    ]
                },
                "runAfter": {},
                "type": "InitializeVariable"
            },
            "Parse_JSON": {
                "inputs": {
                    "content": "@json(base64ToString(triggerBody()?['ContentData']))",
                    "schema": {
                        "properties": {
                            "CaseDefinitionGuid": {
                                "type": "string"
                            },
                            "CaseDefinitionVersion": {
                                "type": "string"
                            },
                            "CaseInstanceGuid": {
                                "type": "string"
                            },
                            "ClientGuid": {
                                "type": "string"
                            }
                        },
                        "required": [
                            "CaseInstanceGuid",
                            "CaseDefinitionGuid",
                            "ClientGuid",
                            "CaseDefinitionVersion"
                        ],
                        "type": "object"
                    }
                },
                "runAfter": {
                    "Initialize_MessageLockLastCheckUtcTS": [
                        "Succeeded"
                    ]
                },
                "type": "ParseJson"
            },
            "Parse_SubWorkflow_Response": {
                "inputs": {
                    "content": "@body('Get_SubWorkflow_Url')",
                    "schema": {
                        "properties": {
                            "basePath": {
                                "type": "string"
                            },
                            "method": {
                                "type": "string"
                            },
                            "queries": {
                                "properties": {
                                    "api-version": {
                                        "type": "string"
                                    },
                                    "sig": {
                                        "type": "string"
                                    },
                                    "sp": {
                                        "type": "string"
                                    },
                                    "sv": {
                                        "type": "string"
                                    }
                                },
                                "type": "object"
                            },
                            "value": {
                                "type": "string"
                            }
                        },
                        "type": "object"
                    }
                },
                "runAfter": {
                    "Until_SubworkflowUrlAcquired_True": [
                        "Succeeded"
                    ],
                    "Until_SubworkflowUrlAcquired_is_True": [
                        "Succeeded"
                    ]
                },
                "type": "ParseJson"
            },
            "Set_SubWorkflow_Name": {
                "inputs": {
                    "variables": [
                        {
                            "name": "Subworkflow_Name",
                            "type": "string",
                            "value": "@{concat('workflow-',body('Parse_JSON')['CaseDefinitionGuid'],'-',body('Parse_JSON')['CaseDefinitionVersion'])}"
                        }
                    ]
                },
                "runAfter": {
                    "Parse_JSON": [
                        "Succeeded"
                    ]
                },
                "type": "InitializeVariable"
            },
            "Trigger_Subworkflow": {
                "inputs": {
                    "body": {
                        "CaseInstanceGuid": "@body('Parse_JSON')['CaseInstanceGuid']",
                        "ClientGuid": "@body('Parse_JSON')['ClientGuid']"
                    },
                    "method": "POST",
                    "uri": "@body('Parse_SubWorkflow_Response')?['value']"
                },
                "runAfter": {
                    "Parse_SubWorkflow_Response": [
                        "Succeeded"
                    ]
                },
                "type": "Http"
            },
            "Until_SubworkflowUrlAcquired_True": {
                "actions": {
                    "Delay_by_5_seconds": {
                        "inputs": {
                            "interval": {
                                "count": 5,
                                "unit": "Second"
                            }
                        },
                        "runAfter": {},
                        "type": "Wait"
                    },
                    "Is_UtcNow_Greater_Than_LastMessageLockCheckUtcTimestamp": {
                        "actions": {
                            "Renew_lock": {
                                "inputs": {
                                    "host": {
                                        "connection": {
                                            "referenceName": "case-activity-response-sb-connection"
                                        }
                                    },
                                    "method": "post",
                                    "path": "/@{encodeURIComponent(encodeURIComponent('case-instance-start-request'))}/subscriptions/@{encodeURIComponent('case-workflow-subscription')}/messages/renewlock",
                                    "queries": {
                                        "lockToken": "@triggerBody()?['LockToken']",
                                        "subscriptionType": "Main"
                                    }
                                },
                                "limit": {
                                    "timeout": "PT5S"
                                },
                                "runAfter": {
                                    "Set_variable": [
                                        "Succeeded"
                                    ]
                                },
                                "type": "ApiConnection"
                            },
                            "Set_variable": {
                                "inputs": {
                                    "name": "MessageLockLastCheckUtcTS",
                                    "value": "@{utcNow()}"
                                },
                                "runAfter": {},
                                "type": "SetVariable"
                            }
                        },
                        "expression": {
                            "and": [
                                {
                                    "greater": [
                                        "@addSeconds(variables('MessageLockLastCheckUtcTS'), 120)",
                                        "@utcNow()"
                                    ]
                                }
                            ]
                        },
                        "runAfter": {
                            "Delay_by_5_seconds": [
                                "Succeeded"
                            ]
                        },
                        "type": "If"
                    }
                },
                "expression": "@equals(variables('SubworkflowUrlAcquired'), true)",
                "limit": {
                    "count": 10,
                    "timeout": "PT600S"
                },
                "runAfter": {
                    "Set_SubWorkflow_Name": [
                        "Succeeded"
                    ]
                },
                "type": "Until"
            },
            "Until_SubworkflowUrlAcquired_is_True": {
                "actions": {
                    "Get_Bearer_Token": {
                        "inputs": {
                            "body": "grant_type=client_credentials&client_id=@{parameters('azure-rm-cliend-id')}&client_secret=@{parameters('azure-rm-client-secret')}&resource=https://management.azure.com",
                            "headers": {
                                "Content-Type": "application/x-www-form-urlencoded"
                            },
                            "method": "POST",
                            "uri": "@{parameters('azure-auth-url')}/@{parameters('azure-rm-tenant-id')}/oauth2/token"
                        },
                        "runAfter": {},
                        "type": "Http"
                    },
                    "Get_SubWorkflow_Url": {
                        "inputs": {
                            "headers": {
                                "Authorization": "@{concat(body('Parse_Bearer_Token_Response')?['token_type'],' ',body('Parse_Bearer_Token_Response')?['access_token'])}"
                            },
                            "method": "POST",
                            "uri": "https://management.azure.com/subscriptions/@{parameters('subscription')}/resourceGroups/@{parameters('resourcegroup')}/providers/Microsoft.Web/sites/@{parameters('logic-app-name')}/hostruntime/runtime/webhooks/workflow/api/management/workflows/@{variables('Subworkflow_Name')}/triggers/manual/listCallbackUrl?api-version=2018-11-01"
                        },
                        "runAfter": {
                            "Parse_Bearer_Token_Response": [
                                "Succeeded"
                            ]
                        },
                        "runtimeConfiguration": {
                            "requestOptions": {
                                "timeout": "PT225S"
                            }
                        },
                        "type": "Http"
                    },
                    "If_Get_SubWorkflow_Url_Succeeded": {
                        "actions": {
                            "Set_SubworkflowUrlAcquired_to_True": {
                                "inputs": {
                                    "name": "SubworkflowUrlAcquired",
                                    "value": "@true"
                                },
                                "runAfter": {},
                                "type": "SetVariable"
                            }
                        },
                        "else": {
                            "actions": {
                                "Delay_by_2_seconds": {
                                    "inputs": {
                                        "interval": {
                                            "count": 2,
                                            "unit": "Second"
                                        }
                                    },
                                    "runAfter": {},
                                    "type": "Wait"
                                }
                            }
                        },
                        "expression": {
                            "or": [
                                {
                                    "equals": [
                                        "@outputs('Get_SubWorkflow_Url')['statusCode']",
                                        200
                                    ]
                                }
                            ]
                        },
                        "runAfter": {
                            "Get_SubWorkflow_Url": [
                                "Succeeded",
                                "TIMEDOUT",
                                "FAILED"
                            ]
                        },
                        "type": "If"
                    },
                    "Parse_Bearer_Token_Response": {
                        "inputs": {
                            "content": "@body('Get_Bearer_Token')",
                            "schema": {
                                "properties": {
                                    "access_token": {
                                        "type": "string"
                                    },
                                    "expires_in": {
                                        "type": "string"
                                    },
                                    "expires_on": {
                                        "type": "string"
                                    },
                                    "ext_expires_in": {
                                        "type": "string"
                                    },
                                    "not_before": {
                                        "type": "string"
                                    },
                                    "resource": {
                                        "type": "string"
                                    },
                                    "token_type": {
                                        "type": "string"
                                    }
                                },
                                "type": "object"
                            }
                        },
                        "runAfter": {
                            "Get_Bearer_Token": [
                                "Succeeded"
                            ]
                        },
                        "type": "ParseJson"
                    }
                },
                "expression": "@equals(variables('SubworkflowUrlAcquired'), true)",
                "limit": {
                    "count": 10,
                    "timeout": "PT600S"
                },
                "runAfter": {
                    "Set_SubWorkflow_Name": [
                        "Succeeded"
                    ]
                },
                "type": "Until"
            }
        },
        "contentVersion": "1.0.0.0",
        "outputs": {},
        "triggers": {
            "When_a_message_is_received_in_case-instance-start-request_topic": {
                "inputs": {
                    "host": {
                        "connection": {
                            "referenceName": "case-activity-response-sb-connection"
                        }
                    },
                    "method": "get",
                    "path": "/@{encodeURIComponent(encodeURIComponent('case-instance-start-request'))}/subscriptions/@{encodeURIComponent('case-workflow-subscription')}/messages/head/peek",
                    "queries": {
                        "sessionId": "None",
                        "subscriptionType": "Main"
                    }
                },
                "recurrence": {
                    "frequency": "Second",
                    "interval": 30
                },
                "type": "ApiConnection"
            }
        }
    },
    "kind": "Stateful"
}