{
    "definition": {
        "$schema": "https://schema.management.azure.com/providers/Microsoft.Logic/schemas/2016-06-01/workflowdefinition.json#",
        "actions": {
            "Main_Activity": {
                "actions": {
                    "Activity_Close_Response": {
                        "inputs": {
                            "host": {
                                "connection": {
                                    "referenceName": "case-activity-response-sb-connection"
                                }
                            },
                            "method": "delete",
                            "path": "/@{encodeURIComponent(encodeURIComponent('case-activity-response'))}/subscriptions/@{encodeURIComponent('case-workflow-subscription')}/sessions/@{encodeURIComponent(variables('Correlation_Id'))}/close"
                        },
                        "runAfter": {
                            "Activity_Complete_Response": [
                                "Succeeded"
                            ]
                        },
                        "type": "ApiConnection"
                    },
                    "Activity_Complete_Response": {
                        "inputs": {
                            "host": {
                                "connection": {
                                    "referenceName": "case-activity-response-sb-connection"
                                }
                            },
                            "method": "delete",
                            "path": "/@{encodeURIComponent(encodeURIComponent('case-activity-response'))}/subscriptions/@{encodeURIComponent('case-workflow-subscription')}/messages/complete",
                            "queries": {
                                "lockToken": "@body('Activity_Wait_Response')?['LockToken']",
                                "sessionId": "@{variables('Correlation_Id')}",
                                "subscriptionType": "Main"
                            }
                        },
                        "runAfter": {
                            "Activity_Parse_Response": [
                                "Succeeded"
                            ]
                        },
                        "type": "ApiConnection"
                    },
                    "Activity_End": {
                        "inputs": {
                            "parameters": {
                                "entityName": "case-activity-request",
                                "message": {
                                    "contentData": {
                                        "ActivityEventType": "@{if(equals(body('Activity_Parse_Response'), null), 'FailCaseActivity', 'CompleteCaseActivity')}",
                                        "ActivityInstanceGuid": "@body('Activity_Parse_Response')?['ActivityInstanceGuid']",
                                        "CaseInstanceGuid": "@triggerBody()['CaseInstanceGuid']",
                                        "ClientGuid": "@triggerBody()['ClientGuid']",
                                        "CorrelationId": "@variables('Correlation_Id')",
                                        "StepId": "@triggerBody()['StepId']"
                                    },
                                    "contentType": "application/json"
                                }
                            },
                            "serviceProviderConfiguration": {
                                "connectionName": "case-activity-request-sb-connection-string",
                                "operationId": "sendMessage",
                                "serviceProviderId": "/serviceProviders/serviceBus"
                            }
                        },
                        "runAfter": {
                            "Activity_Close_Response": [
                                "Succeeded"
                            ]
                        },
                        "type": "ServiceProvider"
                    },
                    "Activity_Parse_Response": {
                        "inputs": {
                            "content": "@json(base64ToString(body('Activity_Wait_Response')?['ContentData']))",
                            "schema": {
                                "properties": {
                                    "Action": {
                                        "type": "string"
                                    },
                                    "ActivityInstanceGuid": {
                                        "type": "string"
                                    },
                                    "CaseInstanceGuid": {
                                        "type": "string"
                                    },
                                    "CorrelationId": {
                                        "type": "string"
                                    },
                                    "Data": {
                                        "items": {
                                            "properties": {
                                                "key": {
                                                    "type": "string"
                                                },
                                                "value": {
                                                    "type": "string"
                                                }
                                            },
                                            "required": [
                                                "key",
                                                "value"
                                            ],
                                            "type": "object"
                                        },
                                        "type": "array"
                                    }
                                },
                                "required": [
                                    "CaseInstanceGuid",
                                    "ActivityInstanceGuid",
                                    "CorrelationId",
                                    "Action"
                                ],
                                "type": "object"
                            }
                        },
                        "runAfter": {
                            "Activity_Wait_Response": [
                                "Succeeded"
                            ]
                        },
                        "type": "ParseJson"
                    },
                    "Activity_Start": {
                        "inputs": {
                            "parameters": {
                                "entityName": "case-activity-request",
                                "message": {
                                    "contentData": {
                                        "ActivityEventType": "StartCaseActivity",
                                        "CaseInstanceGuid": "@triggerBody()['CaseInstanceGuid']",
                                        "ClientGuid": "@triggerBody()['ClientGuid']",
                                        "CorrelationId": "@variables('Correlation_Id')",
                                        "StepId": "@triggerBody()['StepId']"
                                    },
                                    "contentType": "application/json"
                                }
                            },
                            "serviceProviderConfiguration": {
                                "connectionName": "case-activity-request-sb-connection-string",
                                "operationId": "sendMessage",
                                "serviceProviderId": "/serviceProviders/serviceBus"
                            }
                        },
                        "runAfter": {},
                        "type": "ServiceProvider"
                    },
                    "Activity_Wait_Response": {
                        "inputs": {
                            "host": {
                                "connection": {
                                    "referenceName": "case-activity-response-sb-connection"
                                }
                            },
                            "method": "get",
                            "path": "/@{encodeURIComponent(encodeURIComponent('case-activity-response'))}/subscriptions/@{encodeURIComponent('case-workflow-subscription')}/messages/head/peek",
                            "queries": {
                                "sessionId": "@{variables('Correlation_Id')}",
                                "subscriptionType": "Main"
                            }
                        },
                        "runAfter": {
                            "Activity_Start": [
                                "Succeeded"
                            ]
                        },
                        "type": "ApiConnection"
                    }
                },
                "runAfter": {
                    "Set_Activity_Correlation_Id": [
                        "Succeeded"
                    ]
                },
                "type": "Scope"
            },
            "Return_Failed_Response": {
                "inputs": {
                    "statusCode": 500
                },
                "kind": "http",
                "runAfter": {
                    "Main_Activity": [
                        "TIMEDOUT",
                        "SKIPPED",
                        "FAILED"
                    ]
                },
                "type": "Response"
            },
            "Return_Success_Response": {
                "inputs": {
                    "body": {
                        "action": "@body('Activity_Parse_Response')['Action']",
                        "data": "@body('Activity_Parse_Response')?['Data']"
                    },
                    "statusCode": 200
                },
                "kind": "http",
                "runAfter": {
                    "Main_Activity": [
                        "Succeeded"
                    ]
                },
                "type": "Response"
            },
            "Set_Activity_Correlation_Id": {
                "inputs": {
                    "variables": [
                        {
                            "name": "Correlation_Id",
                            "type": "string",
                            "value": "@{guid()}"
                        }
                    ]
                },
                "runAfter": {},
                "type": "InitializeVariable"
            }
        },
        "contentVersion": "1.0.0.0",
        "outputs": {},
        "triggers": {
            "manual": {
                "inputs": {
                    "schema": {
                        "properties": {
                            "CaseInstanceGuid": {
                                "type": "string"
                            },
                            "ClientGuid": {
                                "type": "string"
                            },
                            "StepId": {
                                "type": "number"
                            }
                        },
                        "required": [
                            "ClientGuid",
                            "CaseInstanceGuid",
                            "StepId"
                        ],
                        "type": "object"
                    }
                },
                "kind": "Http",
                "type": "Request"
            }
        }
    },
    "kind": "Stateful"
}